date,IPI_YoY,PPI_YoY,CPI_YoY,m1_usd,m1_YoY,tdr_php360,tbill_usd90,phpusd,phpusd_YoY,exports_YoY,imports_YoY,govtexp_YoY
01/2002,-8.33333333,0,3.26223338,7387.709792,,8.057,1.73,51.4097,0.864049536,-8.91522967,-26.56971842,9.78537106
02/2002,-5.54414784,0,2.87859825,7521.56677,,7.285,1.76,51.2817,6.195938264,-6.33051426,2.49225522,42.7369674
03/2002,-11.24880839,0.17985612,3.25406758,7874.135499,,6.179,1.76,51.0661,5.361965696,-0.71711707,13.11421562,2.93472919
04/2002,12.26096738,0.62893082,3.37922403,8227.820545,,4.507,1.74,50.9872,1.597675818,22.4032145,24.99732685,35.874934
05/2002,4.27528676,0.35746202,3.24594257,8387.870749,,4.197,1.71,49.8383,-1.386258902,12.2342837,12.33589981,-3.08346548
06/2002,-1.19641077,3.28305235,2.60223048,8312.812671,,3.723,1.68,50.4065,-2.100679575,13.89545471,17.37879314,-3.20332738
07/2002,1.17647059,1.49384886,2.46305419,8152.481858,,4,1.68,50.5963,-4.937415687,24.21695325,22.52313838,5.93863135
08/2002,-5.0295858,2.54163015,2.70602706,8079.764554,,3.956,1.66,51.7931,-0.37431931,15.69796972,33.29279969,1.11101391
09/2002,4.39223698,3.0647986,2.45398773,8120.231078,,4.034,1.54,52.1292,1.715710665,16.85721614,28.50730632,8.18915232
10/2002,5.71142285,3.76532399,2.32843137,8201.4897,,3.984,1.42,52.907,2.268751462,3.14251303,27.74303146,-1.55678918
11/2002,5.06585613,4.21792619,2.07823961,8375.985173,,4.157,1.2,53.3082,2.535684816,18.00479014,55.02127996,6.16033262
12/2002,5.81395349,4.59770115,2.07317073,9182.094752,,4.309,1.2,53.5195,3.341642707,10.14084242,24.40805916,18.66186737
01/2003,5.63866513,8.64864865,1.94410693,8601.695596,,4.202,1.16,53.5635,4.189481751,3.85993556,41.1854219,-0.02183347
02/2003,-0.2173913,11.45175834,2.31143552,8472.979993,14.6902116,4.281,1.18,54.0748,5.446582309,6.11760212,18.76847421,-0.90709802
03/2003,9.23737916,11.40035907,2.06060606,8679.719039,15.39775295,4.002,1.12,54.5909,6.902426463,9.82496623,7.52341628,4.2692745
04/2003,-6.41282565,9.64285714,2.17917676,8903.208663,13.06903042,4.777,1.11,52.8068,3.568738821,-0.82181808,-11.5562357,-9.92485957
05/2003,-1.1,9.88423865,2.17654172,8746.595893,6.305136885,5.365,1.09,52.5072,5.355118453,-3.09789919,9.30002192,-11.6218693
06/2003,0.60544904,4.5532646,2.77777778,8806.181168,4.987087087,5.338,0.89,53.3992,5.937131124,4.224839,-5.30549343,-9.03416368
07/2003,4.86257928,8.48484848,2.28365385,8401.46169,1.066414251,5.158,0.94,53.7138,6.161517739,-6.61695973,-0.81442054,7.72863082
08/2003,2.80373832,6.32478632,2.15568862,8391.039216,2.926193056,5.376,0.96,54.9914,6.175146882,-0.95510859,-12.88091527,4.9062959
09/2003,-6.45792564,9.43075616,2.15568862,8462.325249,4.734800036,5.282,0.93,55.0235,5.55216654,5.09361267,-7.66689261,5.97588088
10/2003,-7.77251185,8.27004219,2.2754491,8534.091669,5.096660268,5.309,0.94,54.952,3.865273026,10.11278336,4.74427436,15.28348387
11/2003,-7.71456123,7.58853288,2.39520958,8783.526856,7.09672483,5.375,0.91,55.3718,3.871074244,-0.57330587,3.1789275,-5.63118136
12/2003,-6.69330669,8.36855452,2.50896057,9523.699604,13.70244105,5.617,0.93,55.4451,3.597940937,8.97103423,14.98360675,15.69264329
01/2004,-0.54466231,10.61359867,2.86054827,9140.174506,-0.456543383,5.217,0.9,55.5261,3.664062281,4.25756631,10.78506032,2.97092315
02/2004,-0.87145969,9.38511327,2.85374554,8977.940131,4.374074051,4.958,0.94,56.0696,3.688964176,7.75204619,9.67146338,-10.46765018
03/2004,-7.37463127,9.50846092,3.08788599,9219.425831,8.809720295,5.757,0.93,56.3029,3.136053811,7.43905882,6.16570523,3.31298315
04/2004,-1.92719486,10.58631922,3.19905213,9545.616381,9.976098744,5.439,0.96,55.9039,5.864964361,9.40056941,9.67414707,9.76025881
05/2004,-5.96562184,12.80388979,3.55029586,9472.858748,6.398256028,5.537,1.06,55.8453,6.35741384,15.5566618,-0.71068014,6.42741601
06/2004,-1.90571715,14.54396056,4.11280846,9264.803984,5.924683126,6.586,1.31,55.9848,4.842020105,8.41236903,18.97709373,2.81770434
07/2004,-4.93951613,12.05107741,5.52291422,9106.975453,3.415717656,6.614,1.42,55.9527,4.168202585,3.30244488,7.70870312,11.83096035
08/2004,-8.18181818,12.86173633,5.74443142,8992.245308,7.031914681,6.636,1.57,55.8342,1.53260328,14.21308168,9.74464375,1.27038589
09/2004,1.35983264,9.9378882,6.2133646,9078.309236,8.190523275,6.313,1.68,56.2132,2.162167074,8.57122901,16.88900288,9.36651609
10/2004,0.51387461,13.25019486,6.32318501,9255.137065,9.368723048,6.419,1.87,56.3414,2.528388412,12.38095775,17.83778626,-15.98504831
11/2004,0.41797283,14.4200627,6.78362573,9667.181034,13.27721108,6.418,2.19,56.3221,1.716216558,19.44306194,3.15393587,9.99141161
12/2004,-0.10706638,14.27457098,7.10955711,9731.527034,10.79293311,6.241,2.18,56.1828,1.330505311,3.22126256,-1.97797514,5.81534952
01/2005,-4.44400311,8.47076462,7.30011587,10218.875,7.299425905,5.92,2.48,55.7662,0.432409263,15.61599563,0.57425424,16.23984816
02/2005,-3.04298373,7.84023669,7.28323699,10386.02895,13.63053236,5.284,2.72,54.8128,-2.24149985,-0.15460095,-3.09097813,17.21297452
03/2005,-3.12249194,8.0941869,7.14285714,10504.71371,17.00583382,5.273,2.73,54.4269,-3.331977571,-2.80139891,-2.29429132,9.52685327
04/2005,1.9034816,9.49926362,7.23306544,10763.03295,16.74298538,5.061,2.84,54.4918,-2.525941839,8.82501227,9.23691049,1.48242789
05/2005,1.20760883,9.48275862,7.31428571,10794.43096,13.08259759,4.864,2.93,54.3411,-2.693512256,1.14594759,5.97102636,6.58374452
06/2005,-2.50842298,8.53658537,6.65914221,10477.72849,10.60788268,4.741,3.06,55.179,-1.439319244,1.22502859,11.43951076,9.57059078
07/2005,2.59204524,8.4045584,6.01336303,10435.73062,12.63843939,4.961,3.34,56.0062,0.095616476,12.67945633,1.92017178,2.94843438
08/2005,7.9854705,8.9031339,6.09756098,10448.92438,14.73539633,4.872,3.44,55.9523,0.211519105,2.40757372,14.94836215,11.41133361
09/2005,-2.97522812,13.06497175,5.9602649,10450.78719,16.21999659,4.997,3.47,56.1562,-0.101399671,0.92012494,13.63231747,3.30511087
10/2005,5.12361519,8.3964212,6.16740088,10878.10366,19.8252161,5.403,3.89,55.7077,-1.124750184,-3.168012,3.7725274,20.22970492
11/2005,6.56575369,5.61643836,6.24315444,11225.20021,21.2861585,5.556,3.86,54.5606,-3.127546736,-1.4760371,8.68295029,13.0651734
12/2005,2.90264198,12.08191126,5.87595212,11978.5237,23.90916916,5.578,3.99,53.6118,-4.576133621,16.77427442,28.94373252,9.69351524
01/2006,-3.10865633,12.92328956,5.93952484,11684.28314,20.06628661,5.298,4.37,52.6171,-5.646968953,7.23747407,5.87728049,15.47000029
02/2006,-4.1120494,12.55144033,6.46551724,11769.96761,15.17870225,5.265,4.51,51.8168,-5.465876584,14.93715614,6.35341803,30.65075804
03/2006,0.78208731,12.38938053,6.55913978,12264.75724,18.08899531,5.16,4.52,51.2189,-5.894144256,27.72780001,10.29730736,23.47413901
04/2006,-9.1484611,11.90316073,6.31691649,12439.30732,18.41643345,5.075,4.65,51.3597,-5.747837289,20.71013861,7.39489167,-1.51481922
05/2006,-4.7584137,9.97375328,5.96379127,12365.94127,14.89271962,5.026,4.74,52.1273,-4.073896185,17.55289458,17.11012727,15.06043365
06/2006,-7.9350782,11.96298744,5.92592593,12205.12402,13.06871168,5.273,4.87,53.1567,-3.664981243,20.73998812,7.68919893,14.93360879
07/2006,-12.19398366,12.41787122,5.46218487,12613.68111,20.38564582,5.183,4.97,52.3976,-6.443215215,14.65035428,15.11780928,19.3075639
08/2006,-10.17251902,10.26814912,5.2246604,12753.41078,22.20908381,5.015,4.92,51.3618,-8.204309742,21.66922744,15.21121246,13.27171328
09/2006,-6.54140066,4.7470331,4.89583333,13090.90843,25.28474658,4.866,4.77,50.4012,-10.24820055,13.70021239,0.42146289,11.90771135
10/2006,-9.97177412,6.0952381,4.66804979,13292.37152,27.19014633,5.068,4.95,50.0038,-10.23897953,15.76024381,12.67780978,20.30584244
11/2006,-7.70285027,7.9766537,4.22680412,14135.4664,29.94421493,4.41,4.9,49.8434,-8.64579935,11.01692137,13.44575614,21.03142718
12/2006,-4.02981491,1.94884287,4.11099692,15823.34927,40.9627354,4.133,4.89,49.467,-7.731133818,-3.57229617,-0.73415224,16.97422418
01/2007,-3.5564552,3.12117503,3.77166157,15569.09126,29.97504242,3.591,4.99,48.9143,-7.037255949,12.99552812,5.31341783,25.0199596
02/2007,-12.05712988,1.95003047,2.93522267,15928.91812,36.32773127,3.091,5.01,48.3814,-6.629896095,7.91813034,8.04877536,-5.79010597
03/2007,-7.84492071,2.30163537,2.62361251,16857.74571,43.22678081,3.011,4.9,48.5172,-5.274810666,7.51715653,8.04216643,20.10289813
04/2007,-5.89531983,1.74278846,2.6183283,18128.15161,47.80685223,2.906,4.79,47.8224,-6.887306585,5.26212648,-1.67271361,23.79964413
05/2007,-9.05124024,0.71599045,2.71356784,18145.53912,45.87258481,2.983,4.6,46.8141,-10.1927397,6.24815377,-3.4107229,27.21722771
06/2007,-3.84708563,-0.17709563,2.5974026,18107.22711,46.42821533,3.349,4.68,46.1602,-13.16202849,2.2756125,3.80539822,29.01542705
07/2007,0.8616561,-0.7597896,2.88844622,18257.5983,49.5896172,3.258,4.82,45.6251,-12.92521031,5.78920596,14.25767,29.66329799
08/2007,-2.94255031,0.47449585,2.68123138,17397.24343,37.92360278,3.419,3.91,46.0737,-10.29578403,-3.56479091,2.10814008,38.32068228
09/2007,-4.05951727,1.13297555,2.87984111,17695.25249,38.74917695,3.636,3.72,46.1315,-8.471425284,5.04914803,8.91554078,15.98269087
10/2007,-4.46272475,1.19688809,2.8741328,18609.37302,42.15493997,3.77,3.84,44.3803,-11.24614529,10.74777043,9.90599373,11.98617963
11/2007,-5.80088333,-0.36036036,3.06627102,19192.44181,44.38688974,4.11,3.08,43.2176,-13.29323441,-1.64291917,12.74058642,22.46482443
12/2007,4.04556689,-1.3739546,3.65251728,22185.8217,56.95146571,4.249,3.29,41.7429,-15.61465219,21.44548247,19.67597983,34.08825246
01/2008,-2.16138642,-0.71216617,4.61689587,20597.26496,30.17007088,3.613,1.92,40.9381,-16.30647888,5.9799432,27.95996728,17.8027661
02/2008,6.89929517,0.53795577,5.11307768,21046.9693,35.18431454,3.439,1.81,40.6711,-15.93649626,10.49799474,21.7152631,52.67847785
03/2008,-5.07685744,0.59206631,5.89970501,20838.39815,30.82117689,3.403,1.36,41.2524,-14.97365883,-6.40032698,12.18643478,12.1748682
04/2008,6.71400016,0.41346722,7.26202159,20894.03906,23.94325682,3.393,1.41,41.8196,-12.55227676,4.93269537,11.83939749,23.41103143
05/2008,5.8922876,2.60663507,8.21917808,20309.96199,12.03548176,3.497,1.85,42.902,-8.356670319,2.3624229,11.16223118,13.64026349
06/2008,3.0626715,4.55351863,9.44498539,19965.55193,10.03008397,3.811,1.87,44.2806,-4.071906101,9.15270907,13.08211681,17.64911614
07/2008,4.36316035,5.65371025,10.16456922,20446.16676,12.91716084,3.968,1.65,44.9564,-1.465640623,4.43515703,16.67725263,15.82984555
08/2008,0.27037232,6.31641086,10.54158607,19790.87363,8.398012185,4.222,1.69,44.8769,-2.59757736,6.62500476,1.15300358,16.56822377
09/2008,7.01207658,6.54481132,10.13513514,19724.84637,13.37914796,4.32,0.9,46.6922,1.215438475,1.2812795,3.10494614,15.21615125
10/2008,3.43841823,6.80070964,9.73025048,19490.7827,10.1469601,4.606,0.44,48.0252,8.212878237,-14.3677976,-11.12295544,10.22053043
11/2008,-7.83177603,6.75105485,9.11708253,20020.76087,7.584284804,5.306,0.01,49.1862,13.81057717,-11.39609427,-31.46079237,5.70050833
12/2008,-16.22247491,7.26832223,7.80952381,22347.00191,16.43647083,5.346,0.11,48.0942,15.21528212,-40.32493414,-33.98908697,-9.17730249
01/2009,-28.70378252,2.86909743,7.13615023,21514.53301,-3.025755363,3.435,0.24,47.2072,15.31360762,-40.59974483,-34.54578324,0.1190812
02/2009,-24.24141589,1.36741974,7.20299345,21385.64778,3.827609256,3.563,0.26,47.5846,16.99855671,-39.0487386,-31.89784649,-6.7265225
03/2009,-15.34618343,0.41200706,6.59238626,21530.30228,2.296449304,2.838,0.21,48.458,17.46710494,-30.79391734,-36.17361661,5.86171123
04/2009,-21.57653625,1.05882353,5.58096981,21617.37455,3.738177927,2.668,0.14,48.2165,15.29641603,-35.20998541,-37.0546094,-2.0871066
05/2009,-15.09717491,-0.51963048,4.33996383,22235.83023,6.421885046,3.38,0.14,47.5242,10.7738567,-26.91714784,-24.27081214,4.50676697
06/2009,-14.97596693,-1.30090498,3.20284698,22040.90359,8.522623532,2.685,0.19,47.9053,8.185751774,-24.74274181,-22.83443514,27.57957987
07/2009,-14.59512085,-3.23299889,2.19683656,22386.58751,12.12606387,2.365,0.18,48.146,7.094874145,-25.32821191,-31.55869553,6.30643669
08/2009,-11.52244401,-2.38756247,1.74978128,22369.15536,9.405130177,2.22,0.15,48.1607,7.317350352,-20.97177201,-28.28676419,-6.97823867
09/2009,-9.7004098,-3.65246265,2.27870289,23198.1615,17.21646014,2.297,0.14,48.1394,3.099447017,-18.17475958,-24.96746011,11.76268578
10/2009,-5.95763765,-4.59579181,2.89727831,23315.27925,18.20258983,2.295,0.05,46.8513,-2.444341721,-6.06415484,-16.80861173,15.15116791
11/2009,5.95630199,-2.08921513,3.5180299,24471.56212,25.55453774,2.382,0.06,47.0324,-4.378870496,5.83139845,4.87375355,-5.24948043
12/2009,12.15995446,-2.20214568,4.41696113,26268.76473,31.20762443,2.677,0.06,46.4211,-3.478797859,24.17818979,19.24586836,7.65287332
01/2010,36.18355004,-0.40674027,3.85626643,25134.28182,12.47272418,3.075,0.08,46.0276,-2.498771374,42.43903742,31.81461096,13.89119468
02/2010,32.50992659,-1.81818182,3.92670157,25797.87642,19.90906987,3.139,0.13,46.3116,-2.675235265,42.44885678,27.70610905,2.68242637
03/2010,25.69011989,-1.69988277,3.91986063,26941.37428,25.97876182,3.152,0.16,45.7425,-5.603821866,43.86551228,39.32896881,32.43482904
04/2010,31.10275437,-5.18044237,3.98613518,27754.36743,28.9083965,2.949,0.16,44.6266,-7.445376583,28.8125004,49.42790842,21.15950437
05/2010,26.09529296,-5.39756239,3.89948007,27192.46925,25.78987882,3.012,0.16,45.5971,-4.054986723,37.35043962,33.04694397,26.45007069
06/2010,25.16296456,-5.78796562,3.62068966,26632.92582,19.77482084,2.961,0.18,46.3027,-3.345350097,33.74951827,2.87329703,9.43750619
07/2010,21.64081532,-5.35714286,3.69733448,26698.30822,21.13073364,2.918,0.15,46.3203,-3.792007643,35.9702796,16.43840016,5.95266411
08/2010,25.49522472,-7.28100114,4.12725709,26956.07279,20.41170981,2.966,0.14,45.1825,-6.183880218,37.47746149,23.32871639,-2.9804518
09/2010,15.66724776,-6.89259047,3.77035133,27770.47999,24.14630567,3.328,0.16,44.3137,-7.947128548,46.82182022,25.26791759,4.71433552
10/2010,16.80054235,-6.21009867,3.24232082,28561.3907,23.11919934,3.05,0.12,43.4449,-7.270662714,27.75696375,28.78392584,3.01310427
11/2010,16.91849498,-7.09342561,3.73831776,28592.29408,22.63329027,3.068,0.17,43.4918,-7.528001973,11.51867613,35.60703727,16.90905001
12/2010,15.63258421,-5.83140878,3.63790186,30727.90522,25.56576924,2.994,0.12,43.9548,-5.312885735,26.49708435,25.732086,22.38620637
01/2011,14.3795182,-2.4504084,3.96624473,30063.82469,14.44704385,2.556,0.15,44.1722,-4.031059625,11.80333767,23.019131,-1.35874585
02/2011,11.1067836,-0.17921147,4.70193115,30588.38606,21.69986109,2.528,0.13,43.7031,-5.632498121,10.01401805,24.84043374,-2.11443315
03/2011,10.11358915,-0.59630292,4.86169321,30408.44442,17.87188963,2.907,0.09,43.516,-4.867464612,4.17396096,21.87713465,-18.06358908
04/2011,3.11197006,2.02578269,4.66666667,31153.56391,15.63465021,2.689,0.04,43.2402,-3.106667324,19.2389411,20.95017825,-5.08620113
05/2011,2.6357821,1.7791411,4.92076731,30903.33112,11.34583124,2.929,0.06,43.1307,-5.409115931,-2.89362905,1.67953336,-2.23811498
06/2011,-0.18909054,2.43309002,5.24126456,30469.57227,12.05150952,3.144,0.03,43.3657,-6.34304263,-9.25987995,6.60245674,-9.1416851
07/2011,4.63194477,-0.24345709,4.89220564,31208.16192,17.17887149,2.778,0.1,42.8088,-7.58090945,-0.99702373,6.68887483,6.48158829
08/2011,1.18275212,0.36809816,4.62427746,31587.43692,18.31250377,3.121,0.02,42.4209,-6.112100924,-12.59920656,13.7905844,14.95282166
09/2011,0.28541426,1.91239975,4.70685384,30898.19373,14.6242406,2.938,0.02,43.0256,-2.906776008,-27.03494135,10.56450491,2.37374607
10/2011,-12.54071761,2.5990099,5.20661157,31769.39296,14.39986983,2.818,0.01,43.4514,0.01496148,-13.21490802,2.44724981,14.82362533
11/2011,-6.34906248,2.48292986,4.66830467,31898.18234,11.68287523,3.204,0.01,43.2745,-0.499634414,-18.81403984,1.37681497,36.42582458
12/2011,-7.7358074,1.47148988,4.16326531,34026.21749,19.00485283,3.081,0.02,43.6486,-0.696624714,-18.90183799,-6.38143466,44.20870688
01/2012,2.55623619,1.61483254,3.97727273,33564.78519,9.232259569,2.998,0.06,43.6191,-1.252145014,3.03571574,-3.07472195,17.64624652
02/2012,8.14875402,1.85517654,2.83072884,33075.38164,10.01721165,2.879,0.08,42.6608,-2.384956674,12.79860878,2.49358694,9.53719671
03/2012,11.66455914,1.73965207,2.70963756,34227.0675,11.89563069,2.681,0.07,42.8574,-1.513466311,-0.72837871,-3.26023218,16.74903793
04/2012,4.73275144,1.38387485,3.02483172,34084.44538,12.08875044,2.916,0.1,42.6998,-1.249762952,7.63338813,-13.34408292,10.45182798
05/2012,-3.31764678,1.44665461,2.75776612,33382.30276,7.154041369,2.877,0.07,42.8515,-0.647334729,19.73695445,10.08206643,17.39434437
06/2012,10.76709937,-1.72209026,2.59995671,34304.21076,11.00489661,3.143,0.09,42.7765,-1.35867748,4.34001863,13.30240321,19.31939443
07/2012,3.7665048,-1.34228188,2.90806468,34115.01433,11.9642049,3.072,0.11,41.9054,-2.110313767,5.98898864,0.91885859,24.44260819
08/2012,2.38583008,-0.12224939,3.56594533,34209.76026,9.617991433,2.795,0.09,42.0452,-0.885648348,-8.69720536,2.11655183,11.39043258
09/2012,9.79950401,-1.51331719,3.48426872,34824.44624,10.24777454,2.708,0.1,41.749,-2.967070767,23.45020745,4.79447485,15.8982836
10/2012,20.68618851,-3.01568154,3.07781048,35473.8324,14.80875779,2.956,0.11,41.4521,-4.601232642,6.12286334,5.02280314,22.2283763
11/2012,11.66091885,-3.39188371,2.67453266,36976.09494,16.38905089,3.071,0.08,41.1222,-4.973598771,7.27801355,3.65698414,16.42759866
12/2012,10.45222761,-3.98791541,2.73364724,38999.69969,22.26307842,3.063,0.05,41.0067,-6.052656901,16.54130028,14.39574904,21.74596178
01/2013,9.96813314,-9.77045321,2.83975659,38460.73338,13.03264429,2.851,0.07,40.7295,-6.624620866,9.47978352,-7.05332678,18.83688442
02/2013,4.02267906,-9.63572268,2.93819656,39068.76352,16.39807405,2.312,0.11,40.6723,-4.661187788,-5.7811384,-5.81159352,19.92942091
03/2013,-3.85472203,-10.02358491,2.73003033,40478.93538,22.38388001,2.024,0.07,40.7127,-5.004269974,8.64736371,-7.81190888,8.74191315
04/2013,3.21693945,-9.61424332,2.20883534,41363.03144,20.84889084,1.799,0.05,41.1422,-3.647792261,-2.77589348,7.62577612,30.07366768
05/2013,12.51976797,-9.50683304,2.31155779,40531.56939,18.91515012,1.414,0.04,41.2976,-3.626244122,4.05037245,-2.11188261,14.69789363
06/2013,-0.04481939,-7.37160121,2.5025025,41087.75031,23.08243265,1.306,0.04,42.9069,0.304840274,4.07880687,-4.18054729,9.61432045
07/2013,2.71959369,-6.30797774,2.39520958,42752.68858,24.62810726,1.186,0.04,43.3559,3.461367747,2.77952934,8.85374308,17.63493617
08/2013,3.84301084,-6.4871481,1.78217822,40510.56143,18.74701572,1.04,0.03,43.8639,4.325582944,30.07998585,7.33085482,0.65306423
09/2013,3.80565295,-7.12968654,2.27722772,42106.89148,23.08443894,1.178,0.02,43.8318,4.988862009,5.10131198,7.37052826,0.63242517
10/2013,3.72614993,-5.72139303,2.37623762,43124.86955,23.83504752,1.071,0.04,43.1825,4.174456783,13.98065312,-8.20231764,-4.29518886
11/2013,-0.29311638,-4.82758621,2.87128713,43967.92447,23.9446699,1.216,0.06,43.5546,5.915053183,19.77218927,7.38971484,-7.16242552
12/2013,1.08306283,-4.09062303,3.76610505,46048.29898,24.53532223,1.032,0.07,44.1043,7.553887535,24.91173216,2.73463315,-22.10687348
01/2014,4.4044044,-1.04370515,3.74753452,45277.98495,16.09829129,1.001,0.02,44.9266,10.30481592,-3.47435408,25.73236293,5.09260404
02/2014,3.00601202,-0.71521456,3.64173228,45038.52977,17.10262861,0.972,0.05,44.895,10.38225033,11.41815533,3.14561689,-5.09344951
03/2014,1.58102767,0.1310616,3.54330709,45594.45034,16.70307999,0.983,0.05,44.7916,10.01874108,12.12761896,10.77998688,3.52648885
04/2014,10.45081967,0.06565988,3.6345776,47073.90312,16.29234484,0.959,0.03,44.6416,8.505621965,1.26454762,4.12493614,-13.61973789
05/2014,12.40310078,-1.05055811,4.02750491,47498.7849,14.83390662,0.972,0.04,43.9236,6.358723025,15.59528547,-3.8547025,-9.77477889
06/2014,12.41446725,-2.21787345,3.80859375,48131.54249,18.75074964,1.018,0.04,43.8175,2.122269379,21.63247732,-1.24724838,41.13965145
07/2014,7.52895753,-1.45214521,4.19103314,48779.88995,18.72124802,1.003,0.03,43.4665,0.255097922,11.66308951,1.27907633,-15.05263031
08/2014,7.90243902,-1.11256545,4.18287938,48589.98577,13.65363766,1.034,0.03,43.7673,-0.220226656,10.3956548,5.0444348,5.39354511
09/2014,4.64252553,0.79417604,3.87221684,47461.08811,17.15732005,1.126,0.02,44.0751,0.555076451,15.62146472,1.11115674,8.85913381
10/2014,9.27272727,-0.65963061,3.67504836,47908.6376,13.77861418,1.116,0.01,44.7979,3.740867249,2.41794476,15.38580549,2.51824635
11/2014,9.05660377,-1.97628458,2.98363811,49012.02159,13.65140834,1.293,0.02,44.9514,3.207009133,19.6512272,-1.00715564,-10.55113764
12/2014,4.10065238,-1.18110236,1.91021968,51916.53414,18.07820079,1.495,0.04,44.6878,1.323000252,-3.17837733,0.44983446,6.73478307
01/2015,2.68456376,-3.42781806,1.52091255,51253.29918,11.30334956,1.279,0.02,44.6044,-0.717169784,-0.01572316,-5.71730203,-4.73417741
02/2015,0.58365759,-5.50098232,1.51946819,51666.01264,14.10846286,1.277,0.02,44.2214,-1.500389798,-2.95743801,18.09684664,11.23871995
03/2015,12.84046693,-5.36649215,1.52091255,51613.65425,14.59888792,1.456,0.03,44.4457,-0.77224301,3.14626844,3.74922659,12.0691229
04/2015,1.2987013,-8.00524934,1.42180095,52975.80588,16.18915347,1.455,0.01,44.4136,-0.510734382,-2.8368663,-5.83005248,9.54854783
05/2015,-2.32758621,-7.03384207,0.94428706,52860.25722,12.29206358,1.513,0.01,44.6106,1.564079447,-17.40206008,-4.62547386,7.50262853
06/2015,-3.30434783,-6.33755837,0.56444026,52636.89098,10.81734215,1.484,0.01,44.9831,2.66012438,-1.78674704,23.03014876,14.41948175
07/2015,-2.24416517,-6.83188212,0.18709074,52361.45077,8.788225062,1.431,0.08,45.2649,4.137439177,-1.01290841,23.02547096,20.06616495
08/2015,-2.44122966,-7.94176042,0,51584.79972,5.750135502,1.417,0.08,46.142,5.425740222,-6.27468792,5.67156098,9.40900379
09/2015,0.17746229,-8.27314511,-0.37278658,52279.98914,7.594164336,1.474,-0.01,46.7504,6.069867113,-15.16488996,8.16705277,9.90817455
10/2015,-1.99667221,-7.63612218,-0.18656716,52680.79156,10.99785879,1.45,0.08,46.3609,3.489002833,-10.83786054,16.90338512,18.62948534
11/2015,1.03806228,-6.25,0.28037383,53765.63348,12.22534427,1.593,0.22,47.0067,4.572271386,-1.10366994,10.08639644,8.27613551
12/2015,1.25335721,-7.56972112,0.7497657,56557.8862,15.39594647,1.747,0.16,47.2303,5.689472294,-2.97292871,14.17365445,2.94489355
01/2016,5.6022409,-7.49691067,0.74906367,55098.08204,6.128197794,1.554,0.32,47.5111,6.516621679,-2.32486433,20.52860697,0.70204768
02/2016,13.53965184,-5.85234508,0.46772685,55781.19485,8.834349676,1.579,0.33,47.6361,7.721826989,-3.35628472,-1.44557466,13.12113655
03/2016,7.5862069,-7.02606158,0.56179775,58828.01435,13.86211427,1.615,0.21,46.724,5.12603019,-12.95801708,17.34098725,17.18414111
04/2016,10.62271062,-3.72781983,0.65420561,59251.99442,14.79906874,1.514,0.22,46.2845,4.212448439,-3.3639023,35.85209091,17.48234886
05/2016,8.03177405,-3.51483693,0.9354537,59243.0799,11.83044583,1.496,0.34,46.8023,4.912957907,-1.44956369,46.1987512,18.29217513
06/2016,10.97122302,-3.68829113,1.30963517,59502.52408,12.56571044,1.455,0.26,46.4645,3.293236793,-9.15473013,21.93139034,-9.52764476
07/2016,13.68227732,-3.90425333,1.30718954,59434.11475,12.91342183,1.385,0.27,47.0581,3.961568456,-10.86695627,4.58330647,0.86709094
08/2016,15.10658017,-4.2230828,1.30718954,60176.0394,14.92431649,1.445,0.33,46.6809,1.167916432,-1.79118945,16.02827424,8.23129591
09/2016,12.93179805,-4.72092853,1.68381665,59241.31579,14.84258175,1.39,0.28,47.4294,1.45239399,8.10684979,18.00480399,27.6940552
10/2016,11.7147708,-4.84426722,1.77570093,59680.19492,14.15494896,1.456,0.34,48.3482,4.286586326,9.71231914,11.11067506,-10.69521067
11/2016,18.57876712,-4.75214437,2.05032619,59064.64224,12.1179855,1.542,0.48,49.155,4.570199567,-4.51173677,21.04900383,27.391319
12/2016,27.23253758,-4.21568083,2.23255814,61619.63736,14.60785147,1.643,0.5,49.8156,5.473816597,6.55726476,19.01757761,12.64669942
01/2017,15.20778073,-1.06095281,2.50929368,60889.11315,7.658042478,1.605,0.52,49.7363,4.68353711,31.52697581,16.12843983,1.9005618
02/2017,11.75468484,-1.19230977,3.0726257,60743.21241,10.24560232,1.617,0.53,49.9614,4.881381977,18.2118238,20.77824955,-3.56438856
03/2017,16.42628205,-0.37922535,3.0726257,62026.84823,11.1967006,1.739,0.75,50.2752,7.60037668,26.91406283,21.39544259,-3.25300991
04/2017,6.37417219,-1.65380902,3.15691736,63860.02339,8.553763195,1.659,0.79,49.8626,7.730665774,30.39144748,4.02403234,-11.30916363
05/2017,10.37581699,-1.84505843,2.87303058,63682.05068,7.476636531,1.76,0.96,49.8603,6.533866925,24.00813721,20.19124036,12.97440398
06/2017,10.04862237,-1.97207802,2.49307479,64224.40326,8.408278855,1.734,1.01,49.8501,7.286422968,17.05621653,0.63542631,14.29125485
07/2017,7.1082391,-0.84727742,2.39631336,64150.89336,7.812053945,1.784,1.05,50.6382,7.60782947,21.86592022,-0.28674047,3.1166444
08/2017,15.05636071,-0.41575682,2.58064516,64566.73993,8.635823385,1.724,0.99,50.8747,8.983974174,18.71999667,21.62261469,4.53166527
09/2017,9.96078431,-0.51231528,3.03587856,65308.69832,8.52940634,1.746,1.04,51.0094,7.548060907,11.6409174,4.83212201,-8.67689171
10/2017,10.8662614,0.58009989,3.12213039,65789.75111,11.05383166,1.801,1.13,51.3433,6.194853169,17.40578137,17.0479565,20.70587423
11/2017,7.79783394,-0.56266327,3.01369863,68440.32583,14.67845559,1.824,1.25,51.0384,3.83155325,14.2425635,20.12886184,6.32980215
12/2017,14.66296039,-1.0743223,2.91173794,71126.13927,20.42084159,2.204,1.37,50.3947,1.162487253,8.43855899,25.88006962,15.12579189
01/2018,10.73676132,0.09005556,3.44514959,68903.84711,11.82124735,2.416,1.44,50.5087,1.552990472,1.05568764,12.07031947,13.68909529
02/2018,15.19054878,0.09293175,3.81364753,68827.34699,13.03719734,2.578,1.63,51.7856,3.651218741,1.3459954,13.71670888,26.5050705
03/2018,11.01858224,-0.5976856,4.34385002,70224.17061,15.60825946,2.602,1.7,52.0676,3.565177264,0.35692459,3.17180527,25.05846459
04/2018,20.94941634,0.64682832,4.39080945,71619.05797,15.4646093,2.573,1.84,52.0986,4.484322919,-1.88176824,28.56805942,36.56990208
05/2018,13.00518135,1.47598221,4.69636303,71226.65681,11.53559462,2.717,1.89,52.1948,4.682081736,1.7426119,17.391992,6.54974479
06/2018,9.81590574,0.99961324,5.11937864,69785.81135,9.584742647,2.574,1.89,53.0476,6.414229861,3.72463499,29.90215286,-3.33045115
07/2018,10.11312217,0.93812944,5.87003145,69983.99305,8.967914839,3.071,1.99,53.4329,5.518956045,2.27806188,39.8358532,26.85523033
08/2018,3.10006998,0.955895,6.62900846,68933.33684,7.454991239,3.241,2.07,53.2735,4.715113799,3.97073658,12.61511169,22.90622072
09/2018,1.26248217,1.89321698,7.01067387,68495.53131,6.084853261,3.30926708,2.15,53.9419,5.748940391,1.12047952,30.2218774,19.14989861
10/2018,2.84441398,1.2022479,6.93386322,69304.30225,6.118027204,3.56180098,2.29,54.0086,5.191134968,6.700883,26.20094784,28.48665133
11/2018,1.84862693,0.38362419,6.14766658,71721.79303,9.016665696,4.52122115,2.32,52.8083,3.467781122,0.95942947,9.56962648,14.55283459
12/2018,-9.29090909,0.15211649,5.24336597,73762.05494,7.77572147,4.1712507,2.4,52.7691,4.711606578,-12.15031611,-4.87548145,-9.41251462
01/2019,3.40068552,1.88342434,4.42386831,72449.22889,1.860201655,4.72832021,2.36,52.4679,3.878935708,-6.41975285,7.68469865,-10.68001037
02/2019,-0.86528413,0.97634824,3.7793667,73622.26504,6.847829443,4.86401721,2.4,52.1901,0.781105172,0.49598326,2.86898765,20.02389529
03/2019,0.5057029,1.20684133,3.35365854,73689.51785,7.064300852,4.61314117,2.35,52.4134,0.664136622,0.1049694,11.97379564,-8.82331557
04/2019,-2.0121112,-1.085204,3.2388664,75780.8832,7.912820531,4.45533331,2.38,52.1122,0.026104348,3.10567347,2.94500041,-15.11883012
05/2019,-4.2568585,-2.14796698,3.23232323,75414.81015,5.299919166,4.72307271,2.3,52.262,0.128748458,1.76960348,-1.23825621,7.67559851
06/2019,-14.03537748,-2.73367581,2.71629779,76719.03409,7.711126039,4.40330977,2.08,51.8029,-2.346383248,3.94385473,-7.22087566,1.38677546
07/2019,-48.27026788,-3.98168299,2.19560878,78085.52848,11.89312981,4.15764506,2.04,51.1429,-4.285749042,4.78672201,-0.89539699,8.06418751
08/2019,-22.40781659,-3.8503564,1.38476756,76777.86005,9.707744163,3.14456026,1.95,52.0547,-2.287816644,1.3891025,-5.16908874,11.32310552
09/2019,-4.33282716,-4.18960235,0.48971596,78720.9259,14.19862944,3.00178134,1.84,52.1052,-3.404959781,0.44654554,-5.83400451,43.9114395
10/2019,-2.00637194,-4.816433,0.58651026,80997.33176,18.25199427,2.92147523,1.51,51.5042,-4.637039286,0.52122514,-7.55309345,6.29475855
11/2019,-5.67738684,-4.63247073,1.17647059,83872.47531,21.02058976,3.14173314,1.56,50.7268,-3.941615239,-0.24123837,-4.48409324,27.37941705
12/2019,-4.61217847,-4.08588622,2.36686391,88686.45254,23.65342359,3.3687478,1.52,50.7671,-3.793886953,21.58147343,-2.10876096,64.04902921
01/2020,-3.40247187,-3.52217854,2.95566502,87137.49514,18.1332261,2.1636,1.52,50.8386,-3.105327257,9.61246258,-0.09012756,32.08790726
02/2020,0.22064366,-2.96062564,2.46062992,87335.88937,20.54771418,1.86080492,1.25,50.7448,-2.769299158,3.43798122,-7.32131515,-9.72003292
03/2020,-20.32379654,-5.86555211,2.16322517,94141.74549,27.87129741,1.9922095,0.11,50.9036,-2.880561078,-15.78152069,-16.66500549,19.40783296
04/2020,-64.84284017,-5.00183741,1.76470588,98715.86474,33.96188172,1.75186895,0.09,50.7349,-2.642951171,-41.26252065,-62.89280312,113.7877469
05/2020,-73.22964466,-4.54029929,1.56555773,99673.57179,31.52864889,1.2730319,0.14,50.5556,-3.265087444,-26.74617371,-40.5498162,16.17335431
06/2020,-80.64212367,-5.34198308,2.25269344,99287.70124,31.65544147,1.12990368,0.16,50.0972,-3.292672804,-10.05164891,-20.82802885,30.96461322
07/2020,-72.77830692,-4.82298106,2.44140625,101923.0977,32.85242562,0.72830327,0.09,49.4675,-3.275919043,-8.85113484,-20.81950744,14.13588782
08/2020,-82.16993084,-5.14196515,2.24390244,102922.9587,31.8079812,0.61861583,0.11,48.8433,-6.169279623,-12.74020209,-17.4919127,6.98008278
09/2020,-56.71269482,-5.23702342,2.2417154,103764.7329,35.14929022,0.53999363,0.1,48.5057,-6.908139687,3.39234385,-9.86525884,-9.17945095
10/2020,-25.40720953,-4.6221557,2.33236152,104624.7993,32.9059562,0.46446801,0.09,48.4822,-5.867482652,-0.86226467,-15.92480385,-1.02878
11/2020,-21.80932069,-4.58103473,3.00387597,107224.8381,32.38070412,0.44462877,0.08,48.2521,-4.878486323,4.62172901,-13.45998288,7.54908216
12/2020,-14.81718782,-3.74915179,3.27552987,113580.4202,35.42037454,0.54481219,0.09,48.0637,-5.325102281,1.79866814,-4.69046339,15.61239242
01/2021,-12.19824532,-5.8469611,3.73205742,111623.6903,25.86329378,0.46319518,0.06,48.0614,-5.462778283,-4.35184824,-11.84380369,7.02436942
02/2021,-42.83955131,-5.62674437,4.22670509,110541.4294,26.85862638,0.42386956,0.04,48.2042,-5.006621368,-1.35671381,8.97391519,44.50587628
03/2021,-73.09102513,-3.26648251,4.1385948,112954.8568,29.333837,0.45391765,0.03,48.5743,-4.575904258,33.47073328,22.14160259,28.19287829
04/2021,157.7527829,-2.96181853,4.14258189,114026.4129,21.12205091,0.46802847,0.01,48.462,-4.479953641,74.2334235,153.164956,-23.72676658
05/2021,267.2375962,-3.03350835,4.14258189,116249.6653,17.76188722,0.44745282,0.01,47.9552,-5.14364383,30.86027878,55.78731518,36.15596433
06/2021,448.2152264,-1.41081912,3.73563218,115776.2591,16.15542317,0.44811402,0.05,48.1247,-3.9373458,18.91835205,42.42637143,17.87646883
07/2021,534.3933552,-0.71213156,3.7178265,111570.2895,12.37070464,0.4868419,0.06,49.943,0.961237176,13.83515608,27.54082008,-0.26978209
08/2021,533.7280586,-0.39107083,4.38931298,113551.8667,11.40935594,0.4743242,0.04,50.2343,2.847882924,18.94076456,28.27329934,30.48099994
09/2021,124.3351162,0.10586498,4.19447092,112995.0386,9.786038049,0.43945468,0.04,50.1421,3.373624131,6.45402231,22.76443828,13.66714977
10/2021,26.99230273,0.64156332,3.98860399,114380.6349,10.23074189,0.45757138,0.05,50.7491,4.675736662,2.12162656,22.7848936,4.70841725
11/2021,28.57961363,1.06529631,3.66886171,117718.127,12.51455466,0.44844577,0.05,50.3571,4.36250443,6.72299825,36.84435508,5.72461246
12/2021,19.1867087,0.3621763,3.07835821,122112.2126,13.88425925,0.49390425,0.06,50.2478,4.544177831,7.30341972,37.23526096,0.63400172
01/2022,10.89636039,3.97832771,3.04428044,119764.7752,5.444912943,0.4122694,0.24,51.2353,6.603844249,8.94757109,25.33230747,2.90783033
02/2022,69.84845243,4.33648771,3.04147465,120646.7151,8.08343173,0.39962899,0.37,51.2807,6.382223956,15.72287688,26.30124725,-11.13443598
03/2022,346.1381176,5.36290096,3.974122,120678.7147,9.170575553,0.49946394,0.51,52.074,7.204838773,5.84580802,23.44621641,10.20180947
04/2022,-0.88397033,6.31135231,4.90286772,121532.3068,7.593697379,0.4553661,0.83,51.976,7.251042054,6.17276438,29.10392353,-4.91263949
05/2022,-0.6113445,7.21980412,5.36540241,120995.9115,6.11217912,0.5758134,1.13,52.3618,9.18899306,6.3304607,30.23392885,-9.42251689
06/2022,0.0675702,7.77811006,6.09418283,115939.9907,-0.26638752,0.76548657,1.66,53.5685,11.31186272,1.00245055,26.39318957,15.13777393
07/2022,3.79443999,8.16749584,6.43382353,112844.8489,-2.531961408,1.14073894,2.34,55.8925,11.91258034,-4.15275853,22.25930366,-6.34845273
08/2022,4.87018718,7.40145426,6.3071298,112235.5108,0.596235165,1.76759859,2.87,55.7501,10.98014703,-1.69790876,26.43987517,-4.1374325
09/2022,4.72140678,7.60427917,6.86184812,106985.0795,-5.783072873,2.47698607,3.22,57.4338,14.54207143,7.33597873,14.40049611,-0.79454118
10/2022,6.8870569,7.22953144,7.67123288,107789.929,-4.606493935,2.91351749,4.06,58.8247,15.91279451,20.10275616,7.70544368,5.45041198
11/2022,6.66509615,6.2316349,7.98548094,112076.7949,-2.014187106,3.28609996,4.27,57.6523,14.48693432,13.0922138,-1.54004585,-3.70678833
12/2022,4.1944162,5.05319314,8.054298643,118026.5691,0.262017506,3.68835933,4.3,55.6839,10.8185831,-7.67903172,-9.59223509,2.4809026